Campign_ID,Date,Day,LinkedIn Page,Vertical,Final_Format,Pillar,Type,Target Persona,Topic / Title,Creative Content,Post Caption,CTA,Requirements,Post Status,Action
AS-LO-48,7/3/2026,Wednesday,Personal Profile,DT,Single Image,Digital Transformation,Problem-Solution,"Engineering Leaders, CIOs",Why Digital Transformation Projects Fail,"Most digital transformation initiatives stall not because of technology, but because of how they are approached. | No single priority slows execution and momentum | Strategy disconnected from real engineering context | No early proof point to build confidence | SolidPro starts with one focused priority","In today's world, standing still means falling behind - yet most digital transformation initiatives still stall before they deliver value.

After being close to dozens of DT programmes, the pattern is consistent: it's rarely the technology that fails.

It's usually one of three things:
? No single priority - teams try to transform everything at once
? No engineering context - strategy decks with no operational grounding
? No quick win - 12-month roadmaps with no proof point in month one

At SolidPro, we start differently. One priority. A short discovery. A pilot that proves value before anything scales.

What do you think is the biggest reason transformation initiatives fail?",What do you think is the biggest reason transformation initiatives fail?,Static image,Draft,Generate
AS-LO-49,7/6/2026,Thursday,Personal Profile,CPQ,Carousel,CPQ & CAD Automation,Problem Hook,"VP/Director of Engineering, Sales Leaders",Your Quote Cycle Is Costing You Deals,"Your Quote Cycle Is Costing You Deals | Manual quoting delays cost deals as customers move on quickly.;;The Real Cost of Slow Quotes | Quotes for configurable products often take days because engineering must validate every request manually. | Sales waits on engineering for every quote | Delays average several days per request | Response time significantly impacts win rate;;Where Configuration Knowledge Actually Lives | When configuration rules live only in people's heads, every quote becomes a manual project. | Errors increase without a defined rules engine | Every exception needs individual engineering review | Pricing consistency becomes difficult to maintain;;What Changes With a CPQ System | A rule driven CPQ platform connects configuration, pricing and engineering outputs automatically. | Quote generation moves from days to minutes | Configuration errors reduce significantly with automation | Engineering time shifts from support to design;;The Result For Sales And Engineering | Sales teams generate accurate quotes independently while engineers focus on complex exceptions only. | Faster quotes improve customer response time | Engineering time redirected toward higher value work | Pricing errors reduced through automated validation;;Start With A Quick Readiness Check | The CPQ Implementation Readiness Checklist gives you a clear starting point. | Comment CPQ and I will send the checklist","Your sales team is waiting days for a quote that should take minutes.

For manufacturers selling configurable products, this is a familiar pain: a customer inquiry comes in, sales needs engineering to validate the configuration, engineering is busy, and the quote sits for 3–5 days. By then, the customer has already spoken to two competitors.

This isn't a sales problem - it's a systems problem. When configuration rules, pricing, and engineering outputs are disconnected, every quote becomes a manual project.

Swipe through to see how a rule-driven CPQ platform changes the math ?

Comment 'CPQ' and I'll send you our CPQ Implementation Readiness Checklist - a 10-question self-assessment. Free.",Comment 'CPQ' and I'll send you the CPQ Implementation Readiness Checklist. Free.,Carousel - 6 slides,Draft,Generate
AS-LO-50,7/7/2026,Friday,Personal Profile,CPQ,Text Post,CPQ & CAD Automation,Thought Leadership,CTO / Chief Digital Officer,3 Reasons Your CPQ Implementation Will Fail Before It Starts,Text-only post - no image required. Use short paragraphs and line breaks for scroll-stopping readability. Optional: SolidPro logo as the post thumbnail if the platform requires one.,"After working on CPQ implementations across multiple industries, three patterns predict failure every time:

1. Starting with the tool, not the process.
Companies buy CPQ software before mapping their configuration logic. The tool becomes a digitised version of a broken process.

2. Ignoring the engineering connection.
CPQ isn't just a sales tool. The real value is when configuration decisions automatically generate CAD outputs, BOMs, and manufacturing instructions.

3. No change management.
Sales teams resist new tools unless the new way is dramatically easier than the old way.

The CPQ implementations that succeed treat it as a business transformation, not a software deployment. We've seen teams go from 5-day quote cycles to under 5 minutes - but only when process, technology, and people are addressed together.

What's your biggest challenge with product configuration? Comment below - I reply to every comment.",What's your biggest challenge with product configuration? Comment below - I reply to every comment.,Text-only post,Draft,
AS-LO-51,7/8/2026,Saturday,Personal Profile,Digital Consulting,Single Image,Digital Consulting,Framework,"CTO / Chief Digital Officer, VP Engineering","The SolidPro Engagement Framework: StartSmart, ProofX, SOMF",Most transformation programmes fail by trying to change everything within a single large initiative. | StartSmart offers a free discovery session | ProofX delivers a small working pilot | SOMF matches the right engagement model | Start small and scale with confidence,"Most digital transformation failures share one root cause: starting too big.

Organisations try to transform everything at once - 18-month programmes that lose momentum, exceed budget, and deliver incremental improvement at massive cost.

Here's how SolidPro clients start instead:

? StartSmart - a free 30–45 min discovery session to identify one priority opportunity. No commitment.
? ProofX - a small, real pilot delivered in 2–4 weeks. Something tangible, not a slide deck.
? SOMF - the right engagement model matched to your needs, from project-based to managed services.

Start small. Deliver value fast. Scale with confidence.

Ready to identify your one priority opportunity? Book a free StartSmart session - link in comments.",Ready to identify your one priority opportunity? Book a free StartSmart session.,Static infographic,Draft,Generate
AS-LO-52,7/9/2026,Sunday,Personal Profile,CPQ,Carousel,CPQ & CAD Automation,Case Study,COO / VP Operations,Quote Cycle: From Days to Minutes - Here's Exactly What Changed,"Quote Cycle Days To Minutes | A manufacturer of configurable products transformed their quoting process end to end.;;The Client And The Challenge | Every quote required manual engineering validation before it could be sent to the customer. | Quote turnaround averaged several business days | Configuration errors caused frequent order rework | Engineering time consumed by quote support;;Pricing Inconsistency Added To The Problem | Margins varied by salesperson because no standard pricing logic existed across the organisation. | Customer satisfaction declined due to slow response | No single source of pricing truth | Manual review added days to each quote;;What SolidPro Implemented First | Product and variant modelling captured every valid configuration before rules were defined. | Configuration logic mapped directly from engineering | Rules engine built to validate automatically | Guided configuration interface designed for sales;;Automating Engineering Outputs | CAD template automation generated drawings and bills of materials directly from configuration. | Drawings generated without manual engineering input | Bills of materials created automatically per quote | Integration connected CPQ to ERP and PLM;;The Result For Sales | Sales teams began generating accurate quotes independently within minutes instead of days. | Quote generation reduced from days to minutes | Configuration errors reduced significantly after rollout | Engineering time on quotes reduced substantially;;Why It Worked | The implementation addressed process, technology and people together rather than software alone. | Change management ensured sales adoption | Rules engine prevented invalid configurations entirely | Engineering involvement limited to true exceptions;;See If CPQ Fits Your Process | A short CPQ Discovery Conversation shows where your biggest quoting bottlenecks are. | Book a free 20 minute CPQ Discovery Conversation","A manufacturer selling configurable products was processing every quote through engineering. Average turnaround: 3–5 business days.

The problems were systemic - configuration errors on 15–20% of orders, engineers spending 40–50% of their time on quote support, and no standardised pricing logic.

SolidPro implemented a full CPQ & CAD Automation solution: variant modelling, a rules engine, guided configuration UX, CAD template automation, and ERP/PLM integration.

The result: quote generation from days to minutes, configuration errors down 85%+, and engineering time on quotes cut by 60–70%.

Swipe through for the full breakdown ?

Selling configurable products with manual quoting? Book a free 20-minute CPQ Discovery Conversation. Link in comments.",Selling configurable products with manual quoting? Book a free 20-minute CPQ Discovery Conversation.,Carousel - 8 slides (case study),Draft,Generate
AS-LO-53,7/10/2026,Monday,Personal Profile,DT,Poll,Digital Transformation,Poll,All Personas,Quick Poll: What Is the Biggest Barrier to Digital Transformation?,"LinkedIn native poll - question + 4 answer options. No image required; optional light background graphic repeating the question text for feed visibility before the poll loads.
Options: A) Legacy systems that can't be replaced overnight  B) Engineering teams stretched too thin  C) Unclear ROI / budget approval  D) No internal digital expertise","Quick poll - what's the biggest barrier to digital transformation in your organisation?

A) Legacy systems that can't be replaced overnight
B) Engineering teams stretched too thin for new initiatives
C) Unclear ROI making it hard to get budget approval
D) No internal digital expertise to evaluate options

Each of these has a practical workaround. Vote below - I'll reply with a specific approach for the winning answer.

Follow me for weekly digital transformation insights from real project experience.",Follow me for weekly digital transformation insights from real project experience.,LinkedIn native poll - 4 options,Draft,
AS-LO-54,7/13/2026,Tuesday,Personal Profile,Team & Brand,Single Image,Team & Brand,People & Culture,All Personas,Meet the 70+ Digital Specialists Behind SolidPro,SolidPro's digital transformation team blends deep engineering expertise with modern technology delivery skills. | Full stack developers with manufacturing context | Data engineers building production grade pipelines | CPQ and PLM specialists across platforms | Track record across engineering led delivery,"Behind every CPQ implementation, every enterprise integration, every data platform - there's an engineer who understands that digital transformation is about outcomes, not technology.

Our team: full-stack developers, data engineers, cloud architects, automation specialists, CPQ consultants, PLM experts - working across .NET, React, Node.js, Python, Power BI, Azure and AWS.

What makes this team different is the engineering mindset. Every solution is designed for real operational environments - production-grade, not proof-of-concept.

200+ engineers. 70+ digital specialists. 100+ projects delivered. $33M in client savings.

What digital challenge can we help you solve this quarter? Comment below.",What digital challenge can we help you solve this quarter? Comment below.,Team photo / graphic,Draft,Generate
AS-LO-55,7/14/2026,Wednesday,Personal Profile,Enterprise Integration,Single Image,Enterprise Integration,Problem Hook,IT Director / Enterprise Architect,Your Systems Do Not Talk to Each Other. It's Costing You More Than You Think,Manufacturing organisations often run many enterprise systems that do not share data reliably. | Manual handoffs introduce errors between systems | Engineering changes fail to reach manufacturing | Reconciliation consumes engineering time each week | Single integration layer reduces data risk,"Most manufacturing organisations run 5–10 enterprise systems: PLM for product data, ERP for operations, MES for manufacturing, CRM for sales, plus custom tools.

Each system works. The problem is the space between them.

Engineering creates a BOM in PLM. Someone manually enters it into ERP. A change happens - PLM updates, ERP doesn't. Manufacturing builds from the old version.

The cost isn't just rework. It's a frustrated engineering team spending more time reconciling data than designing product.

How many systems does your engineering data pass through before reaching manufacturing? Comment your number.",How many systems does your engineering data pass through before reaching manufacturing? Comment your number.,Static image,Draft,Generate
AS-LO-56,7/15/2026,Thursday,Personal Profile,Enterprise Integration,Carousel,Enterprise Integration,Framework,IT Director / Enterprise Architect,The 5-Level Integration Maturity Model: Where Does Your Organization Stand?,"The Integration Maturity Model | Most manufacturers do not realise how their systems compare on a maturity scale.;;Manual And Point To Point Levels | Early stage organisations rely on spreadsheets, email and individual system connections that break at scale. | Manual data transfer creates high error rates | Point to point links do not scale well | Each new system adds integration complexity;;Middleware Brings Structure | A centralised integration layer standardises data formats and simplifies ongoing monitoring. | Standardised formats reduce data inconsistency | Monitoring becomes centralised and easier | Integration failures easier to identify quickly;;Orchestrated And Intelligent Levels | The most mature organisations use event driven architecture and predictive, self healing integration. | Real time data flow across all systems | Automated workflows reduce manual intervention significantly | Predictive monitoring catches issues before impact;;Find Your Integration Maturity Level | Most manufacturers sit at the early stages with clear room to advance. | Comment INTEGRATION for the full assessment guide","After working on enterprise integration projects, we developed a simple framework to benchmark where organisations stand:

Level 1 – Manual: data moves through spreadsheets and email. High error rate.
Level 2 – Point-to-Point: individual connections between systems. Works for 2–3 integrations, breaks at scale.
Level 3 – Middleware: a centralised integration layer with standardised formats.
Level 4 – Orchestrated: event-driven architecture with real-time data flow.
Level 5 – Intelligent: AI-enhanced, self-healing integration.

Most manufacturing organisations are at Level 1–2. The goal isn't to jump to Level 5 - it's to move one level at a time with measurable outcomes.

Comment 'INTEGRATION' for the full Integration Maturity Assessment PDF with a self-scoring guide. Free.",Comment 'INTEGRATION' for the full Integration Maturity Assessment PDF with self-scoring guide. Free.,Carousel - 5 slides,Draft,Generate
AS-LO-57,7/16/2026,Friday,Personal Profile,Enterprise Integration,Carousel,Enterprise Integration,Case Study,COO / VP Operations,CAD-ERP-PLM Connectivity Implemented. Manual Handoffs Eliminated,"Manual Handoffs Eliminated Completely | One manufacturer connected CAD, ERP and PLM into a single reliable data flow.;;The Symptoms Before The Project | Data moved manually between systems, creating duplication and inconsistent records across departments. | Engineering changes did not reach manufacturing | No single source of truth existed | Audit preparation required several weeks;;Designing The Integration Architecture | SolidPro mapped every data flow before designing how the systems should connect. | System discovery identified every existing connection | Interface mapping revealed hidden data gaps | Architecture designed around real data flows;;Building The Connections | API and middleware implementation enabled automated exchange of engineering and operational data. | Engineering data synchronised automatically across systems | Workflow orchestration removed manual steps entirely | Legacy systems connected through modern interfaces;;What Changed After Go Live | Manual handoffs disappeared and data consistency improved across every connected platform. | Single source of truth established organisation wide | Audit preparation time reduced significantly | Engineering changes now flow automatically downstream;;Is Your Data Still Disconnected | A short Integration Assessment shows exactly where your biggest gaps are. | Book a free 20 minute Integration Assessment","A manufacturing organisation operated across disconnected enterprise systems - engineering data in PLM, operational data in ERP, custom apps for specific workflows.

The symptoms: manual data transfers, duplicate records, engineering changes that never reached manufacturing, and audit prep taking weeks.

SolidPro designed and implemented an integration architecture connecting PLM, ERP and downstream systems - with API/middleware, automated data sync, and workflow orchestration.

The outcome: a single source of truth, manual handoffs eliminated, and audit preparation time reduced significantly.

Swipe through for the full picture ?

Struggling with disconnected systems? Book a free 20-minute Integration Assessment. Link in comments.",Struggling with disconnected systems? Book a free 20-minute Integration Assessment.,Carousel - 6 slides (case study),Draft,Generate
AS-LO-58,7/17/2026,Saturday,Personal Profile,PLM,Single Image,PLM Enablement,Problem Hook,VP / Director of Engineering,Your Engineering Data Is Your Most Valuable Asset - And It Probably Lives in 6 Different Places,"Engineering data often lives scattered across CAD folders, spreadsheets, email threads and shared drives. | Version control becomes difficult to maintain | Manufacturing risks building from outdated revisions | Audit documentation becomes hard to locate | A single source of truth solves this","CAD files in one system. BOMs in a spreadsheet. ECOs tracked through email. Specifications in a shared drive. Manufacturing instructions in ERP. Revision history? Ask the engineer who was here last year.

This works - until a change gets missed. Until manufacturing builds from an outdated revision. Until an audit requires documentation nobody can find.

PLM Enablement establishes a single source of truth for engineering data, so it flows from design to manufacturing with control, traceability and speed.

How many systems does your engineering data currently live in? Comment your number.",How many systems does your engineering data currently live in? Comment your number.,Static image,Draft,Generate
AS-LO-59,7/20/2026,Sunday,Personal Profile,PLM,Text Post,PLM Enablement,Thought Leadership,Project Manager / Head of DT Programmes,Why Most PLM Implementations Take 12 Months When They Should Take 12 Weeks,Text-only post - no image required.,"PLM implementations get bogged down for one reason: scope creep disguised as thoroughness.

What works instead:

Assessment first - understand how engineering data actually flows today.
Process design second - configure PLM around the real workflow, not the ideal one.
Phased migration - start with active projects; historical data comes later.
Train on real work - users learn by doing their actual jobs in the new system.

The organisations that succeed with PLM treat it as an operational improvement, not an IT project.

Planning a PLM initiative? DM me 'PLM' for a practical implementation checklist.",Planning a PLM initiative? DM me 'PLM' for a practical implementation checklist.,Text-only post,Draft,
AS-LO-60,7/21/2026,Monday,Personal Profile,PLM (Export Readiness),Single Image,PLM Enablement (Export Readiness),Thought Leadership,"COO / VP Operations, Export Manufacturers",Supplier Qualification Is Going Digital - What That Means for Indian Manufacturers,"International customers increasingly expect structured, traceable digital product data from their suppliers. | Digital BOMs replace PDF and spreadsheet exports | Change management needs clear approval trails | Version controlled documents reduce compliance risk | Basic PLM setups can launch within weeks","I've been watching a trend accelerate over the last year: US and European OEMs are adding digital maturity criteria to supplier qualification - not as a 'nice to have', but as a mandatory requirement alongside quality, cost and delivery.

What they're looking for:
? Structured, importable BOMs - not PDFs or spreadsheet screenshots
? Traceable change management with approval evidence
? Version-controlled documents in a digital system
? Quality records in structured digital formats

For Indian manufacturers with 50–300 employees, this feels like a big ask - but a basic PLM or document-management setup can be implemented in 6–10 weeks, not 6–10 months.

Are your international customers asking for digital documentation you can't currently provide? I'd like to hear about it in the comments.",Are your international customers asking for digital documentation you cannot currently provide? Share in the comments.,Static image,Draft,Generate
AS-LO-61,7/22/2026,Tuesday,Personal Profile,Enterprise Integration (Export),Single Image,Enterprise Integration (Export Compliance),Problem Hook,"COO / VP Operations, Export Manufacturers",Your US Customer Just Asked for a Digital BOM. Are You Ready?,Exporters are increasingly asked for structured digital documentation as part of supplier qualification. | Digital BOMs are becoming a baseline requirement | Traceable change records support audit readiness | Structured data integrates with customer systems | Implementation timelines are shorter than expected,"If you're an Indian manufacturer exporting to the US or EU, your international customers are probably asking for things they never asked before: digital BOMs, traceable change records, electronic document management, and structured quality data.

This isn't a technology preference anymore - it's becoming a supplier qualification requirement. Large OEMs are standardising their supply chains digitally, and suppliers who can't provide structured data are being moved to 'development required' status.

For most manufacturers, closing this gap means three things: basic PLM/document management with version control, digital change tracking, and structured BOM output - implementable in 6–10 weeks, not months.

Exporting to US or EU and facing digital documentation demands? DM 'EXPORT' for a practical guide on the 3 minimum digital requirements every export manufacturer needs. Free.",Exporting to US or EU and facing digital documentation demands? DM 'EXPORT' for our 3-requirement guide. Free.,Static image,Draft,Generate
AS-LO-62,7/23/2026,Wednesday,Personal Profile,Automation,Single Image,Automation as a Service,Insight Post,COO / VP Operations,The Automation Opportunity Your Team Is Ignoring Because It Seems Too Small,"The highest return automation opportunities are often the smallest, most repetitive daily tasks. | Approval workflows often involve unnecessary email chains | Manual reports consume significant weekly time | Duplicate data entry wastes valuable capacity | Small automations often free up significant capacity","When people hear 'automation', they think robotic assembly lines and AI-powered factories.

But the highest-ROI automation opportunities are mundane: the approval workflow needing 3 emails and 2 follow-ups, the report compiled manually every Monday from 4 spreadsheets, the document routed through email with no tracking, the data entered twice because two systems don't talk.

These 'small' automations typically consume 20–30% of operational capacity.

What's the most repetitive task your team does every week? Comment below - I'll suggest an automation approach for the top 5.",What's the most repetitive task your team does every week? Comment - I'll suggest an automation approach for the top 5.,Static image,Draft,Generate
AS-LO-63,7/24/2026,Thursday,Personal Profile,Automation,Carousel,Automation as a Service,Framework,IT Director / Enterprise Architect,Workflow Automation vs RPA vs Custom - Which Fits Your Process?,"Choosing The Right Automation Approach | Different operational problems call for different automation methods and levels of complexity.;;Workflow Automation And RPA | Workflow automation suits approvals and routing, while RPA handles repetitive screen based tasks. | Workflow automation implements quickly for approvals | RPA suits repetitive data entry tasks | Both reduce manual effort significantly;;Custom Automation For Complex Logic | Custom automation fits complex, multi system processes that need tailored business logic. | Takes longer to design and build | Delivers the highest return over time | Handles event driven, multi step processes;;Which Approach Fits Your Process | The right starting point depends on where your biggest operational friction sits. | Comment AUTOMATE for the full decision framework","Three automation approaches for three different problems:

Workflow Automation (Power Automate, custom) - best for approval chains, document routing, notifications. Quick to implement.

RPA (UiPath, Power Automate) - best for repetitive screen-based tasks, data migration, report generation. Moderate implementation.

Custom Automation - best for complex business logic and multi-system orchestration. Longer to build, but the highest ROI.

Swipe through to see where your process fits ?

Comment 'AUTOMATE' and I'll send you the full Automation Decision Framework.",Comment 'AUTOMATE' to see the full Automation Decision Framework.,Carousel - 4 slides,Draft,Generate
AS-LO-64,7/27/2026,Friday,Personal Profile,Data & Analytics,Single Image,"Data, Cloud & Analytics",Problem Hook,CTO / Chief Digital Officer,You Are Sitting on a Goldmine of Operational Data. But You Cannot See It,Manufacturing operations generate large volumes of data that rarely translate into real decisions. | Data often sits unused across disconnected systems | Reports rely on manual monthly compilation | Missed insights lead to missed decisions | Real time platforms turn data into action,"Manufacturing organisations generate terabytes of data every month - machine performance, quality metrics, supply chain movements, energy consumption.

Most of it sits in databases nobody queries, spreadsheets nobody updates, or systems nobody analyses.

The cost isn't just missed insights - it's missed decisions. The production line that could've been optimised. The supply chain disruption that could've been predicted. The customer trend that could've shaped the next product cycle.

What percentage of your operational data actually informs decisions today? Be honest in the comments.",What percentage of your operational data actually informs decisions today? Be honest in the comments.,Static image,Draft,Generate
AS-LO-65,7/28/2026,Saturday,Personal Profile,Data & Analytics,Carousel,"Data, Cloud & Analytics",Case Study,COO / VP Operations,Real-Time Dashboards for Multi-Site Operations. No More Waiting for Monthly Reports,"Real Time Visibility Across Sites | One manufacturer replaced slow manual reporting with live, connected operational dashboards.;;The Visibility Problem Before | Performance data lived in separate local systems, requiring days of manual consolidation each month. | Leadership often reviewed data weeks old | Manual consolidation consumed significant analyst time | Cross site comparisons were difficult to make;;Building The Data Platform | SolidPro connected every operational data source into a single scalable cloud pipeline. | Data pipelines unified sources across all sites | Cloud infrastructure supported scalable processing needs | Governance framework ensured consistent data quality;;Dashboards Built For Daily Use | Power BI dashboards were embedded directly into everyday operational and leadership workflows. | Dashboards updated in real time automatically | Metrics tailored to each site and team | Predictive analytics flagged issues early;;The Shift In Decision Making | Monthly reporting became real time visibility across every connected manufacturing site. | Cross functional decisions improved measurably | Predictive monitoring enabled earlier intervention | Data driven culture embedded into daily work;;Want Real Time Visibility Too | A short walkthrough shows how this approach could apply to your operations. | DM DATA for a walkthrough of our approach","A manufacturing organisation with multiple sites had a visibility problem. Performance data existed in local systems at each site. Consolidating it for management review took 2–3 days of analyst time - by the time leadership saw the numbers, they were two weeks old.

SolidPro built a scalable data platform: pipelines connecting all operational sources, Azure cloud infrastructure, real-time Power BI dashboards embedded in daily workflows, and a data governance framework.

The shift: monthly reports became real-time visibility, and predictive monitoring enabled early issue detection.

Want real-time operational visibility? DM 'DATA' for a walkthrough of our approach.",Want real-time operational visibility? DM 'DATA' for a walkthrough of our approach.,Carousel - 6 slides (case study),Draft,Generate
AS-LO-66,7/29/2026,Sunday,Personal Profile,Delivery Pods,Single Image,Delivery Pods (RaaS),Problem Hook,CTO / Head of DT Programmes,Your Digital Project Is Approved. Your Team Is Not Ready,Digital projects often get budget approval well before the right team is in place. | Specialist hiring typically takes several months | Project timelines rarely wait for recruitment | Dedicated pods can start within weeks | No long term headcount commitment required,"You've got budget approval for a digital initiative. Now you need a full-stack developer who understands manufacturing, a data engineer for production-grade pipelines, and a domain specialist for your technology stack.

Recruiting timeline: 3–6 months. Project timeline: starts now.

SolidPro's Engineering POD gives you a dedicated team, ready in 2 weeks - sprint-based delivery, your processes, your governance, no permanent headcount.

Facing a capacity challenge? Book a free 20-minute POD Capability Discussion. Link in comments.",Facing a capacity challenge? Book a free 20-minute POD Capability Discussion.,Static image,Draft,Generate
AS-LO-67,7/30/2026,Monday,Personal Profile,Delivery Pods,Text Post,Delivery Pods (RaaS),Engagement Post,Project Manager / Head of DT Programmes,Dedicated Digital Teams Without the Hiring Overhead,Text-only post - no image required.,"Digital programmes need specialists most organisations can't hire fast enough.

A full-stack developer who understands manufacturing. A data engineer for production-grade pipelines. A CPQ specialist with Infor experience.

These roles take 3–6 months to hire. The project needs to start now.

SolidPro's Delivery POD model: outcome-defined PODs, dedicated ODC teams for long-running programmes, flexible scaling by phase, domain-aligned specialists, sprint-based execution with governance - ready in 2 weeks, no recruitment, no permanent headcount.

This isn't staff augmentation. It's structured delivery with accountability.

Book a free 20-minute POD Capability Discussion. Link in comments.",Book a free 20-minute POD Capability Discussion. Link in comments.,Text-only post,Draft,
AS-LO-68,7/31/2026,Tuesday,Personal Profile,Team & Culture,Video,Team & Culture (Day in the Life),Behind the Scenes,All Personas,What Monday Morning Looks Like Inside a CPQ Implementation Sprint,"60-SECOND SCRIPT - 'A Monday Inside a CPQ Sprint'

[0–8s] VISUAL: Team logging into daily standup, laptops open, sprint board visible.
ON-SCREEN/VO: '8:30 AM - Daily standup. 3 engineers, 1 delivery manager, the client's product lead. 15 minutes. No slides.'

[8–18s] VISUAL: Close-up of the configuration rules engine on screen, rules being adjusted.
VO: '9:00 AM - Fixing 3 edge cases from Friday's testing. Rules adjusted in 45 minutes.'

[18–28s] VISUAL: Call screen showing client sales team testing the configurator UI.
VO: '10:00 AM - The client's sales team tests the guided configuration interface live. Feedback goes straight into the sprint backlog.'

[28–38s] VISUAL: Split screen of CAD drawing outputs being verified.
VO: '11:30 AM - CAD automation testing. A dimensional error is caught, fixed, and retested.'

[38–48s] VISUAL: Team reviewing an API/integration checkpoint on a whiteboard or screen.
VO: '1:00 PM - Integration checkpoint. Data format mismatches identified and resolved.'

[48–58s] VISUAL: Team huddled at the sprint board for backlog grooming.
VO: '4:30 PM - Backlog grooming. Next sprint's priorities confirmed.'

[58–60s] VISUAL: SolidPro logo + tagline.
VO: 'This is what digital transformation looks like in practice.'","What Monday morning looks like inside a CPQ implementation sprint - no strategy decks, no roadmap slides. Just engineers solving real problems, one sprint at a time.

Want to see how SolidPro's delivery team works on your kind of project? Comment 'SPRINT' and I'll share our delivery framework - or book a free StartSmart session to discuss your project directly.",Comment 'SPRINT' and I'll share our delivery framework - or book a free StartSmart session.,"Short video / reel - 60s, talking head or sprint-board footage",Draft,
AS-LO-69,8/3/2026,Wednesday,Personal Profile,AI-Enabled Execution,Single Image,AI-Enabled Execution,Thought Leadership,CTO / Chief Digital Officer,AI in Enterprise Operations: Stop Experimenting. Start Implementing,Many organisations experiment with AI but struggle to move proven ideas into production. | Success starts with a specific operational problem | Phased validation reduces implementation risk | AI embedded into existing workflows works best | Methodology matters more than the toolset,"Most organisations are stuck in AI experimentation - endless PoCs, demos that impress leadership but never reach production.

Organisations getting real value from AI treat it differently: they start with a specific, measurable operational problem, validate in phases (PoC ? controlled deployment ? full scale), and embed AI into existing workflows rather than building separate systems.

SolidPro's AI-Enabled Execution covers AI-assisted development, document intelligence, conversational AI, and predictive decision support - using Azure AI, OpenAI, Copilot and more. The toolset matters less than the methodology.

What operational problem could AI solve - if implemented correctly? Comment below.",What operational problem could AI solve - if implemented correctly? Comment below.,Static image,Draft,Generate
AS-LO-70,8/4/2026,Thursday,Personal Profile,Product IP,Carousel,Product IP (one.solidpro.app),Proof Engine,CTO / Chief Digital Officer,We Built Our Own Enterprise Platform. Here's Why That Matters,"We Built Our Own Platform | SolidPro did not just implement digital solutions for clients, it built one internally too.;;What one.solidpro.app Does | It is a cloud native workflow platform supporting internal operations across the organisation. | Employee lifecycle management built into the platform | Financial workflow automation reduces manual processing | Document management with structured governance;;Built For Real Operational Use | The platform supports productivity and configurable workflow orchestration across multiple business functions. | Designed for internal scale and daily use | Configurable framework adapts to changing needs | Demonstrates real SaaS product engineering capability;;Why This Matters For Clients | A team that has shipped its own platform understands scale, adoption and performance. | Integration challenges already solved internally first | User adoption lessons applied to client work | Performance requirements tested in production already;;See The Platform In Action | A short walkthrough shows how one.solidpro.app was designed and built. | DM PLATFORM for a demo walkthrough","SolidPro doesn't just implement digital solutions for clients - we built one for ourselves.

one.solidpro.app is our cloud-native enterprise workflow platform: employee lifecycle management, financial workflow automation, document management and governance, and a configurable workflow framework for internal operations.

Why this matters: the team building your platform has already built one. They know scale, integration challenges, user adoption, and performance requirements - because they shipped a product, not just delivered a project.

That's the difference between a services company that talks about platforms and one that runs one.

Curious about one.solidpro.app? DM 'PLATFORM' for a demo walkthrough.",Curious about one.solidpro.app? DM me 'PLATFORM' for a demo walkthrough.,Carousel - 5 slides,Draft,Generate
AS-LO-71,8/5/2026,Friday,Personal Profile,DT (Small Manufacturers),Single Image,Digital Transformation (Small Manufacturers),Problem Hook,Owners / Ops Heads (50–200 employees),You Don't Need a Digital Transformation. You Need One System That Actually Works,"Smaller manufacturers often run critical processes through spreadsheets, email and informal tracking. | Configuration errors create frequent rework issues | Drawing versions become difficult to confirm | Change requests lack any clear audit trail | One focused initiative can fix the biggest gap","This one's for manufacturers with 50–200 employees - not the ones planning an enterprise-wide transformation programme.

Here's what we see at your size: product configurations managed in Excel, engineering drawings with filenames like 'FINAL_v3_UPDATED_USE_THIS.dwg', change requests tracked through email with no audit trail, and operational data nobody has time to compile.

You don't need a 12-month programme or an enterprise PLM built for 5,000 users. You need one focused initiative that solves your biggest bottleneck - a simple CPQ tool, basic document version control, or a real-time production dashboard.

Running your operations on spreadsheets and email? Comment 'START' and I'll send you our Digital Starter Checklist - 5 questions to identify your single highest-impact first step. Free.",Running your operations on spreadsheets and email? Comment 'START' for our Digital Starter Checklist. Free.,Static image,Draft,Generate
AS-LO-72,8/6/2026,Saturday,Personal Profile,DT (Small Manufacturers),Carousel,Digital Transformation (Small Manufacturers),Insight Post,Owners / Ops Heads (50–200 employees),The First 3 Things Every Small Manufacturer Should Digitize - In This Order,"Three Things To Digitise First | Small manufacturers succeed with digital initiatives when they follow a clear sequence.;;Start With Document Control | Every other digital initiative depends on structured, version controlled engineering documentation. | Unique document IDs prevent version confusion | Digital approvals replace informal email chains | Implementation typically takes only a few weeks;;Then One Operational Dashboard | A single automated dashboard replaces hours of manual weekly data compilation. | Focus on the metrics leadership reviews weekly | Automation saves significant time every week | Avoid building too many dashboards at once;;Which Bottleneck Matters Most | Identifying your biggest recurring frustration is the fastest place to start. | Comment below and I will share an approach","After working with manufacturers of all sizes, a pattern emerges. Small companies (50–200 employees) that succeed with digitisation always start in the same sequence:

1. Document control first - every other digital initiative depends on it.
2. One operational dashboard second - the one metric set leadership reviews every week, automated instead of manually compiled.
3. Your biggest manual bottleneck third - the process that makes you say 'this is ridiculous' at least once a week.

Three initiatives. Three quick wins. Each builds confidence for the next step. This isn't digital transformation - it's digital common sense.

Which of these three would make the biggest difference in your company? Comment below - I'll share a practical approach for the top responses.",Which of these three would make the biggest difference in your company? Comment below.,Carousel - 4 slides,Draft,Generate
AS-LO-73,8/7/2026,Sunday,Personal Profile,Client Proof,Single Image,Client Feedback,Customer Proof,All Personas,"""Very Professional, Supportive and Responsive."" - Direct Client Feedback","A recent client evaluation described SolidPro's delivery as professional, responsive and consistently reliable. | Communication rated open and consistently proactive | Schedule adherence rated excellent and on time | Deliverable quality rated strong and adaptable | Feedback published to demonstrate genuine transparency","""Very professional, supportive and responsive."" - direct feedback from a recent Customer Excellence Report.

Communication: 'Always open and upfront, ready for feedback, asking the right questions.'
Schedule adherence: 'Work completed on time and very responsive.'
Value for money: 'Fair price positioning.'

This is a formal, signed client evaluation. We publish feedback like this because transparency builds trust.

Want to experience the SolidPro difference? Start with a free discovery session. Link in comments.",Want to experience the SolidPro difference? Start with a free discovery session. Link in comments.,Quote graphic,Draft,Generate
AS-LO-74,8/10/2026,Monday,Personal Profile,DT,Text Post,Digital Transformation,Thought Leadership,All Personas,DT Investments That Deliver ROI - And the Ones That Do Not,Text-only post - no image required.,"Investments that deliver ROI: CPQ automation (measurable in quote cycle and error reduction), enterprise integration (measurable in data accuracy and handoffs eliminated), workflow automation (measurable in cycle time and capacity freed), and data platforms with embedded analytics (measurable in decision speed).

Investments that struggle: 'innovation labs' without an operational connection, AI experiments without success criteria, platform migrations justified by 'modernisation' alone, and digital strategy documents that never translate to execution.

The difference is whether the investment starts with a measurable operational problem.

What was the last digital investment that clearly delivered ROI for your team? Share in comments.",What was the last digital investment that clearly delivered ROI? Share in comments.,Text-only post,Draft,
AS-LO-75,8/11/2026,Tuesday,Personal Profile,DT,Text Post,Digital Transformation,Thought Leadership,All Personas,Why the Next Wave of Digital Transformation Belongs to Engineering Services Firms,Text-only post - no image required.,"First wave of digital transformation: IT consultancies running ERP implementations and cloud migrations. Results were mixed - organisations got new systems, but not always better outcomes.

The next wave is different: digitising the engineering and operational workflows closest to how products are actually designed, manufactured and delivered. That requires understanding engineering, not just technology - CPQ needs product architecture knowledge, integration needs PLM/ERP/MES data-flow expertise, and data platforms need operational context.

Engineering services firms with digital capability bring both: domain expertise and technology execution. That's SolidPro's thesis - and it's working.

Agree or disagree? Share your perspective in the comments.",Agree or disagree? Share your perspective in the comments.,Text-only post,Draft,
AS-LO-76,8/12/2026,Wednesday,Personal Profile,Team & Culture,Single Image,Team & Culture (Behind the Scenes),Behind the Scenes,All Personas,The Moment a Client Sees Their First Automated Quote. It Never Gets Old,The most rewarding moment in any project is watching a client generate their first automated quote. | A full quote appears in under a minute | The team sees years of manual effort disappear | That moment validates the entire project | Every project has its own version of this,"There's a specific moment in every CPQ project that makes everything worth it.

It usually happens around Week 6–8. We set up a demo with the client's sales team and say: 'Go ahead - configure a product, any variant.' They click 'Generate Quote' and a complete proposal appears, with drawings, specs, BOM and pricing, in under 60 seconds.

The room goes quiet for about 3 seconds. Then someone says: 'Wait, that used to take us 3 days.'

That's the moment. Not the technology, not the architecture - the look on someone's face when their biggest daily frustration disappears.

Share your own 'aha moment' with digital tools in the comments - or if you're still waiting for yours, let's talk about making it happen.",Share your 'aha moment' with digital tools in the comments - or let's talk about making it happen.,Static image / carousel,Draft,Generate
AS-LO-77,8/13/2026,Thursday,Personal Profile,DT,Carousel,All Services,Recap & CTA,All Personas,Everything SolidPro Digital Transformation Delivers - In One Post,"Everything SolidPro Delivers In DT | One post summarising every digital transformation service SolidPro offers manufacturers today.;;Consulting And Configuration Services | Digital Consulting and CPQ and CAD Automation help define priorities and speed up quoting. | Digital Consulting defines roadmap and priorities | CPQ automation connects sales and engineering | CAD automation generates outputs directly from configuration;;Integration And Automation Services | Enterprise Integration and Automation as a Service connect systems and remove manual friction. | Integration connects PLM ERP and MES systems | Automation removes repetitive manual processes | Both reduce operational friction significantly;;Data And Application Services | Data, Cloud and Analytics plus SaaS and Enterprise Apps turn information into working platforms. | Analytics platforms enable real time decision making | Custom applications modernise legacy operational systems | Cloud infrastructure supports scalable data processing;;PLM And Delivery Capacity | PLM Enablement and Delivery Pods manage engineering data and extend delivery capacity. | PLM establishes a single source of truth | Delivery Pods add specialist capacity quickly | Both reduce risk across digital programmes;;Support And Intelligent Execution | Managed Support and AI Enabled Execution keep platforms stable and accelerate delivery further. | Managed Support ensures ongoing platform stability | AI Enabled Execution accelerates development cycles | Predictive tools support better operational decisions;;Proven Across Real Projects | SolidPro has delivered significant client savings across more than one hundred completed projects. | Quote cycles reduced from days to minutes | Manual handoffs eliminated across client systems | Real time dashboards deployed across multiple sites;;Start With One Priority | Every engagement begins with a single focused priority, validated through a small pilot. | Book a free StartSmart session today","Everything SolidPro Digital Transformation delivers - in one post.

Services: Digital Consulting, CPQ & CAD Automation, Enterprise Integration, Automation as a Service, Data, Cloud & Analytics, SaaS & Enterprise Apps, PLM Enablement, Delivery Pods, Managed Support, AI-Enabled Execution.

Proof: 100+ projects delivered, $33M in client savings, quoting cycles cut from days to minutes, manual handoffs eliminated, real-time dashboards live across multi-site operations.

Approach: start with one priority, validate through a pilot, scale on proven value.

Team: 200+ engineers, 70+ digital specialists, Microsoft Certified Partner, offices across India, the US and the UK - plus our own product IP, one.solidpro.app.

Book a free StartSmart session. 30 minutes. One priority opportunity. Link in comments.",Book a free StartSmart session. 30 minutes. One priority opportunity. Link in comments.,Carousel / infographic recap - 8 slides,Draft,Generate
